ID,Name,Email,Age,City,Country,Salary
1,User1,user1@example.com,21,City1,Country1,30100
2,User2,user2@example.com,22,City2,Country2,30200
3,User3,user3@example.com,23,City3,Country3,30300
4,User4,user4@example.com,24,City4,Country4,30400
5,User5,user5@example.com,25,City5,Country5,30500
6,User6,user6@example.com,26,City6,Country6,30600
7,User7,user7@example.com,27,City7,Country7,30700
8,User8,user8@example.com,28,City8,Country8,30800
9,User9,user9@example.com,29,City9,Country9,30900
10,User10,user10@example.com,30,City10,Country10,31000
11,User11,user11@example.com,31,City11,Country11,31100
12,User12,user12@example.com,32,City12,Country12,31200
13,User13,user13@example.com,33,City13,Country13,31300
14,User14,user14@example.com,34,City14,Country14,31400
15,User15,user15@example.com,35,City15,Country15,31500
16,User16,user16@example.com,36,City16,Country16,31600
17,User17,user17@example.com,37,City17,Country17,31700
18,User18,user18@example.com,38,City18,Country18,31800
19,User19,user19@example.com,39,City19,Country19,31900
20,User20,user20@example.com,40,City20,Country0,32000
21,User21,user21@example.com,41,City21,Country1,32100
22,User22,user22@example.com,42,City22,Country2,32200
23,User23,user23@example.com,43,City23,Country3,32300
24,User24,user24@example.com,44,City24,Country4,32400
25,User25,user25@example.com,45,City25,Country5,32500
26,User26,user26@example.com,46,City26,Country6,32600
27,User27,user27@example.com,47,City27,Country7,32700
28,User28,user28@example.com,48,City28,Country8,32800
29,User29,user29@example.com,49,City29,Country9,32900
30,User30,user30@example.com,50,City30,Country10,33000
31,User31,user31@example.com,51,City31,Country11,33100
32,User32,user32@example.com,52,City32,Country12,33200
33,User33,user33@example.com,53,City33,Country13,33300
34,User34,user34@example.com,54,City34,Country14,33400
35,User35,user35@example.com,55,City35,Country15,33500
36,User36,user36@example.com,56,City36,Country16,33600
37,User37,user37@example.com,57,City37,Country17,33700
38,User38,user38@example.com,58,City38,Country18,33800
39,User39,user39@example.com,59,City39,Country19,33900
40,User40,user40@example.com,60,City40,Country0,34000
41,User41,user41@example.com,61,City41,Country1,34100
42,User42,user42@example.com,62,City42,Country2,34200
43,User43,user43@example.com,63,City43,Country3,34300
44,User44,user44@example.com,64,City44,Country4,34400
45,User45,user45@example.com,65,City45,Country5,34500
46,User46,user46@example.com,66,City46,Country6,34600
47,User47,user47@example.com,67,City47,Country7,34700
48,User48,user48@example.com,68,City48,Country8,34800
49,User49,user49@example.com,69,City49,Country9,34900
50,User50,user50@example.com,20,City50,Country10,35000
51,User51,user51@example.com,21,City51,Country11,35100
52,User52,user52@example.com,22,City52,Country12,35200
53,User53,user53@example.com,23,City53,Country13,35300
54,User54,user54@example.com,24,City54,Country14,35400
55,User55,user55@example.com,25,City55,Country15,35500
56,User56,user56@example.com,26,City56,Country16,35600
57,User57,user57@example.com,27,City57,Country17,35700
58,User58,user58@example.com,28,City58,Country18,35800
59,User59,user59@example.com,29,City59,Country19,35900
60,User60,user60@example.com,30,City60,Country0,36000
61,User61,user61@example.com,31,City61,Country1,36100
62,User62,user62@example.com,32,City62,Country2,36200
63,User63,user63@example.com,33,City63,Country3,36300
64,User64,user64@example.com,34,City64,Country4,36400
65,User65,user65@example.com,35,City65,Country5,36500
66,User66,user66@example.com,36,City66,Country6,36600
67,User67,user67@example.com,37,City67,Country7,36700
68,User68,user68@example.com,38,City68,Country8,36800
69,User69,user69@example.com,39,City69,Country9,36900
70,User70,user70@example.com,40,City70,Country10,37000
71,User71,user71@example.com,41,City71,Country11,37100
72,User72,user72@example.com,42,City72,Country12,37200
73,User73,user73@example.com,43,City73,Country13,37300
74,User74,user74@example.com,44,City74,Country14,37400
75,User75,user75@example.com,45,City75,Country15,37500
76,User76,user76@example.com,46,City76,Country16,37600
77,User77,user77@example.com,47,City77,Country17,37700
78,User78,user78@example.com,48,City78,Country18,37800
79,User79,user79@example.com,49,City79,Country19,37900
80,User80,user80@example.com,50,City80,Country0,38000
81,User81,user81@example.com,51,City81,Country1,38100
82,User82,user82@example.com,52,City82,Country2,38200
83,User83,user83@example.com,53,City83,Country3,38300
84,User84,user84@example.com,54,City84,Country4,38400
85,User85,user85@example.com,55,City85,Country5,38500
86,User86,user86@example.com,56,City86,Country6,38600
87,User87,user87@example.com,57,City87,Country7,38700
88,User88,user88@example.com,58,City88,Country8,38800
89,User89,user89@example.com,59,City89,Country9,38900
90,User90,user90@example.com,60,City90,Country10,39000
91,User91,user91@example.com,61,City91,Country11,39100
92,User92,user92@example.com,62,City92,Country12,39200
93,User93,user93@example.com,63,City93,Country13,39300
94,User94,user94@example.com,64,City94,Country14,39400
95,User95,user95@example.com,65,City95,Country15,39500
96,User96,user96@example.com,66,City96,Country16,39600
97,User97,user97@example.com,67,City97,Country17,39700
98,User98,user98@example.com,68,City98,Country18,39800
99,User99,user99@example.com,69,City99,Country19,39900
100,User100,user100@example.com,20,City0,Country0,40000
101,User101,user101@example.com,21,City1,Country1,40100
102,User102,user102@example.com,22,City2,Country2,40200
103,User103,user103@example.com,23,City3,Country3,40300
104,User104,user104@example.com,24,City4,Country4,40400
105,User105,user105@example.com,25,City5,Country5,40500
106,User106,user106@example.com,26,City6,Country6,40600
107,User107,user107@example.com,27,City7,Country7,40700
108,User108,user108@example.com,28,City8,Country8,40800
109,User109,user109@example.com,29,City9,Country9,40900
110,User110,user110@example.com,30,City10,Country10,41000
111,User111,user111@example.com,31,City11,Country11,41100
112,User112,user112@example.com,32,City12,Country12,41200
113,User113,user113@example.com,33,City13,Country13,41300
114,User114,user114@example.com,34,City14,Country14,41400
115,User115,user115@example.com,35,City15,Country15,41500
116,User116,user116@example.com,36,City16,Country16,41600
117,User117,user117@example.com,37,City17,Country17,41700
118,User118,user118@example.com,38,City18,Country18,41800
119,User119,user119@example.com,39,City19,Country19,41900
120,User120,user120@example.com,40,City20,Country0,42000
121,User121,user121@example.com,41,City21,Country1,42100
122,User122,user122@example.com,42,City22,Country2,42200
123,User123,user123@example.com,43,City23,Country3,42300
124,User124,user124@example.com,44,City24,Country4,42400
125,User125,user125@example.com,45,City25,Country5,42500
126,User126,user126@example.com,46,City26,Country6,42600
127,User127,user127@example.com,47,City27,Country7,42700
128,User128,user128@example.com,48,City28,Country8,42800
129,User129,user129@example.com,49,City29,Country9,42900
130,User130,user130@example.com,50,City30,Country10,43000
131,User131,user131@example.com,51,City31,Country11,43100
132,User132,user132@example.com,52,City32,Country12,43200
133,User133,user133@example.com,53,City33,Country13,43300
134,User134,user134@example.com,54,City34,Country14,43400
135,User135,user135@example.com,55,City35,Country15,43500
136,User136,user136@example.com,56,City36,Country16,43600
137,User137,user137@example.com,57,City37,Country17,43700
138,User138,user138@example.com,58,City38,Country18,43800
139,User139,user139@example.com,59,City39,Country19,43900
140,User140,user140@example.com,60,City40,Country0,44000
141,User141,user141@example.com,61,City41,Country1,44100
142,User142,user142@example.com,62,City42,Country2,44200
143,User143,user143@example.com,63,City43,Country3,44300
144,User144,user144@example.com,64,City44,Country4,44400
145,User145,user145@example.com,65,City45,Country5,44500
146,User146,user146@example.com,66,City46,Country6,44600
147,User147,user147@example.com,67,City47,Country7,44700
148,User148,user148@example.com,68,City48,Country8,44800
149,User149,user149@example.com,69,City49,Country9,44900
150,User150,user150@example.com,20,City50,Country10,45000
151,User151,user151@example.com,21,City51,Country11,45100
152,User152,user152@example.com,22,City52,Country12,45200
153,User153,user153@example.com,23,City53,Country13,45300
154,User154,user154@example.com,24,City54,Country14,45400
155,User155,user155@example.com,25,City55,Country15,45500
156,User156,user156@example.com,26,City56,Country16,45600
157,User157,user157@example.com,27,City57,Country17,45700
158,User158,user158@example.com,28,City58,Country18,45800
159,User159,user159@example.com,29,City59,Country19,45900
160,User160,user160@example.com,30,City60,Country0,46000
161,User161,user161@example.com,31,City61,Country1,46100
162,User162,user162@example.com,32,City62,Country2,46200
163,User163,user163@example.com,33,City63,Country3,46300
164,User164,user164@example.com,34,City64,Country4,46400
165,User165,user165@example.com,35,City65,Country5,46500
166,User166,user166@example.com,36,City66,Country6,46600
167,User167,user167@example.com,37,City67,Country7,46700
168,User168,user168@example.com,38,City68,Country8,46800
169,User169,user169@example.com,39,City69,Country9,46900
170,User170,user170@example.com,40,City70,Country10,47000
171,User171,user171@example.com,41,City71,Country11,47100
172,User172,user172@example.com,42,City72,Country12,47200
173,User173,user173@example.com,43,City73,Country13,47300
174,User174,user174@example.com,44,City74,Country14,47400
175,User175,user175@example.com,45,City75,Country15,47500
176,User176,user176@example.com,46,City76,Country16,47600
177,User177,user177@example.com,47,City77,Country17,47700
178,User178,user178@example.com,48,City78,Country18,47800
179,User179,user179@example.com,49,City79,Country19,47900
180,User180,user180@example.com,50,City80,Country0,48000
181,User181,user181@example.com,51,City81,Country1,48100
182,User182,user182@example.com,52,City82,Country2,48200
183,User183,user183@example.com,53,City83,Country3,48300
184,User184,user184@example.com,54,City84,Country4,48400